{
  "method": "contour_depth_raster_v12",
  "mesh_file": "data/gdrive_sample/2026_02_09_19_03_38/export_refined.obj",
  "parameters": {
    "resolution": 512,
    "wall_height_threshold": 0.5,
    "pixel_size": 0.013481109375
  },
  "room_boundary": [
    [
      -1.610166453125,
      -2.3218777968750004
    ],
    [
      -0.7878187812499999,
      -2.1735855937500004
    ],
    [
      -0.9495920937499998,
      0.010354124999999659
    ],
    [
      2.2589119374999997,
      -0.5423713593750001
    ],
    [
      1.247828734375,
      0.33390074999999975
    ],
    [
      2.568977453125,
      1.0079562187499995
    ],
    [
      2.8925240781249997,
      -2.38928334375
    ]
  ],
  "all_contours": [
    [
      [
        -1.610166453125,
        -2.3218777968750004
      ],
      [
        -0.7878187812499999,
        -2.1735855937500004
      ],
      [
        -0.9495920937499998,
        0.010354124999999659
      ],
      [
        2.2589119374999997,
        -0.5423713593750001
      ],
      [
        1.247828734375,
        0.33390074999999975
      ],
      [
        2.568977453125,
        1.0079562187499995
      ],
      [
        2.8925240781249997,
        -2.38928334375
      ]
    ],
    [
      [
        -2.5942874375,
        -2.8476410625
      ],
      [
        -2.648211875,
        -2.834159953125
      ],
      [
        -2.7156174218749998,
        -2.726311078125
      ],
      [
        -2.7021363125,
        -2.68586775
      ],
      [
        -2.67517409375,
        -2.68586775
      ],
      [
        -2.648211875,
        -2.6589055312500003
      ],
      [
        -2.62124965625,
        -2.6589055312500003
      ],
      [
        -2.5673252187499997,
        -2.699348859375
      ],
      [
        -2.553844109375,
        -2.7397921875
      ],
      [
        -2.553844109375,
        -2.8071977343750003
      ]
    ]
  ],
  "openings": [
    {
      "type": "door",
      "position": [
        -0.8687054374999998,
        -1.0816157343750004
      ],
      "size_meters": 2.1899231264523995,
      "contour_index": 0
    },
    {
      "type": "window",
      "position": [
        0.654659921875,
        -0.26600861718750024
      ],
      "size_meters": 3.255764668956446,
      "contour_index": 0
    },
    {
      "type": "door",
      "position": [
        1.7533703359375,
        -0.1042353046875002
      ],
      "size_meters": 1.3379619027872285,
      "contour_index": 0
    },
    {
      "type": "door",
      "position": [
        1.90840309375,
        0.6709284843749996
      ],
      "size_meters": 1.483167122075779,
      "contour_index": 0
    },
    {
      "type": "window",
      "position": [
        2.730750765625,
        -0.6906635625000002
      ],
      "size_meters": 3.4126117657249084,
      "contour_index": 0
    },
    {
      "type": "window",
      "position": [
        0.6411788124999999,
        -2.3555805703125
      ],
      "size_meters": 4.503195035522881,
      "contour_index": 0
    }
  ],
  "room_area_sqm": 8.847845251101024,
  "room_area_sqft": 95.23820628285142,
  "contour_stats": {
    "total_contours": 2,
    "main_boundary_points": 7,
    "map_resolution": [
      512,
      426
    ]
  }
}