{
  "method": "contour_depth_raster_v12",
  "mesh_file": "data/2026_01_13_14_47_59/export_refined.obj",
  "parameters": {
    "resolution": 512,
    "wall_height_threshold": 0.5,
    "pixel_size": 0.0040828125
  },
  "room_boundary": [
    [
      1.2639640625,
      5.360376
    ],
    [
      1.2231359375,
      5.482860375
    ],
    [
      1.431359375,
      5.5441025625
    ],
    [
      1.431359375,
      5.4542806875
    ],
    [
      1.39053125,
      5.4379494374999995
    ],
    [
      1.3701171875,
      5.393038499999999
    ]
  ],
  "all_contours": [
    [
      [
        1.7702328124999998,
        5.474694749999999
      ],
      [
        1.962125,
        5.548185375
      ],
      [
        2.0070359375,
        5.5359369375
      ],
      [
        1.9907046874999996,
        5.5196056874999995
      ]
    ],
    [
      [
        1.2639640625,
        5.360376
      ],
      [
        1.2231359375,
        5.482860375
      ],
      [
        1.431359375,
        5.5441025625
      ],
      [
        1.431359375,
        5.4542806875
      ],
      [
        1.39053125,
        5.4379494374999995
      ],
      [
        1.3701171875,
        5.393038499999999
      ]
    ],
    [
      [
        0.8556828124999999,
        5.24605725
      ],
      [
        0.8801796874999999,
        5.2623885
      ],
      [
        1.047575,
        5.295051
      ],
      [
        1.0353265624999999,
        5.27871975
      ],
      [
        0.8679312499999999,
        5.237891625
      ]
    ]
  ],
  "openings": [],
  "room_area_sqm": 0.02302038327392575,
  "room_area_sqft": 0.24779140556053675,
  "contour_stats": {
    "total_contours": 3,
    "main_boundary_points": 6,
    "map_resolution": [
      512,
      152
    ]
  }
}