{
  "version": "v47_multimodal_combined",
  "transform": {
    "x_min": -4.632866666666667,
    "z_min": -4.503316666666667,
    "resolution": 0.02
  },
  "dominant_angles_deg": [
    22.5,
    32.5,
    112.5,
    122.5
  ],
  "rooms": [
    {
      "id": 0,
      "name": "Living Room",
      "type": "Living Room",
      "area_m2": 13.9,
      "vertices": 13,
      "polygon": [
        [
          -4.308559991342721,
          0.6898485081480024
        ],
        [
          -2.9371733419906114,
          1.563518158518665
        ],
        [
          -2.5193458932923796,
          1.4467498732072084
        ],
        [
          -1.9537056554058012,
          1.8071724585123377
        ],
        [
          -0.9416104035097634,
          0.21804341093185342
        ],
        [
          -2.465163016072376,
          -0.41291997504506983
        ],
        [
          -2.3405703172609567,
          -0.7137133582882635
        ],
        [
          -0.6661617549413834,
          -0.6157134802540123
        ],
        [
          -0.10379151220764293,
          -1.4987521506919022
        ],
        [
          0.5515138009134593,
          -1.2272269030090426
        ],
        [
          0.7293013999764965,
          -1.656405491114027
        ],
        [
          1.2403979997771675,
          -2.4584454688560387
        ],
        [
          -1.3593696043490415,
          -4.115495376544085
        ]
      ],
      "materials": {
        "painted_wall": 9.250744307857673,
        "tile": 0.4845465480323827,
        "wood_door": 4.278170666166195,
        "window_glass": 50.62146507084787,
        "metal_appliance": 10.232633527550055,
        "other": 25.13243987954582,
        "n_wall_faces": 117223,
        "inferred_type": "exterior_room"
      }
    },
    {
      "id": 1,
      "name": "Bedroom",
      "type": "Bedroom",
      "area_m2": 13.1,
      "vertices": 8,
      "polygon": [
        [
          1.3053399334489344,
          -1.0491405908766076
        ],
        [
          1.4513706940379245,
          -0.004439348450149483
        ],
        [
          0.9980434026754,
          0.7080529349517796
        ],
        [
          0.4326058622375625,
          0.4735897658645162
        ],
        [
          -0.36808269667253596,
          1.729502415713735
        ],
        [
          2.2402452665217307,
          3.3901070240416633
        ],
        [
          4.635151999678309,
          -0.3709047659329796
        ],
        [
          1.9591146669883592,
          -2.075728567400354
        ]
      ],
      "materials": {
        "painted_wall": 19.338310642658467,
        "tile": 0.688039818474601,
        "wood_door": 28.458498023715418,
        "window_glass": 7.714829453959888,
        "metal_appliance": 16.776460254721123,
        "other": 27.0238618064705,
        "n_wall_faces": 6831,
        "inferred_type": "room_with_wood"
      }
    },
    {
      "id": 2,
      "name": "Hallway 1",
      "type": "Hallway",
      "area_m2": 3.5,
      "vertices": 10,
      "polygon": [
        [
          -0.6754019449406061,
          -0.5695121444559665
        ],
        [
          -0.5682226195215506,
          -0.34048435088803264
        ],
        [
          -0.7175107138117823,
          -0.10614898244530013
        ],
        [
          -0.7129772626286289,
          2.1966129150161615
        ],
        [
          -0.43275607070470434,
          1.7567537516505052
        ],
        [
          -0.2506800494666124,
          1.6621529454357504
        ],
        [
          1.0049467161332795,
          -0.3087862787690834
        ],
        [
          0.8698423125336221,
          -0.5221575707598585
        ],
        [
          0.9937980956285712,
          -0.8214235065850479
        ],
        [
          -0.0795314289619049,
          -1.5052098267482852
        ]
      ],
      "materials": {
        "painted_wall": 79.45403349667227,
        "tile": 0.554011555620566,
        "wood_door": 5.810721860601185,
        "window_glass": 0.5302420829371755,
        "metal_appliance": 9.590068017260293,
        "other": 4.060922986908506,
        "n_wall_faces": 54692,
        "inferred_type": "general_room"
      }
    },
    {
      "id": 3,
      "name": "Hallway 2",
      "type": "Hallway",
      "area_m2": 3.1,
      "vertices": 13,
      "polygon": [
        [
          -2.425669125889376,
          -0.5408799899864879
        ],
        [
          -1.1807850883214597,
          0.2518030131296556
        ],
        [
          -1.064638736907027,
          0.06595706463717832
        ],
        [
          -0.8457953531038247,
          0.21484520290873377
        ],
        [
          -1.0455796608456178,
          0.701314436875996
        ],
        [
          -2.3266555445845785,
          2.7130574185246834
        ],
        [
          -1.3323141216552037,
          3.1253279729910295
        ],
        [
          -0.7734192116781295,
          2.248038693675638
        ],
        [
          -0.7413231601571695,
          -0.098048071649389
        ],
        [
          -0.604410173176164,
          -0.4285852616839437
        ],
        [
          -0.7928666666666668,
          -0.6433166666666668
        ],
        [
          -2.072901875825252,
          -0.6032613686856854
        ],
        [
          -2.292831457508081,
          -0.7433719646476478
        ]
      ],
      "materials": {
        "painted_wall": 11.815363417154668,
        "tile": 0.07272170551536725,
        "wood_door": 0.13013357829065716,
        "window_glass": 47.95422360010717,
        "metal_appliance": 0.24112986565621772,
        "other": 39.78642783327592,
        "n_wall_faces": 26127,
        "inferred_type": "exterior_room"
      }
    }
  ],
  "doors": [
    {
      "x": 0.18868638390827464,
      "z": -1.0551581145093323,
      "confidence": 0.7,
      "sources": [
        "density_gap",
        "texture"
      ],
      "rooms": [
        0,
        2
      ]
    },
    {
      "x": -1.5270706590764918,
      "z": 0.12418711061972365,
      "confidence": 0.7,
      "sources": [
        "density_gap",
        "texture"
      ],
      "rooms": [
        0,
        3
      ]
    },
    {
      "x": -0.25235481351791034,
      "z": 1.5922009444700826,
      "confidence": 0.7,
      "sources": [
        "density_gap",
        "texture"
      ],
      "rooms": [
        1,
        2
      ]
    },
    {
      "x": -1.4145758540830666,
      "z": 2.747885500224018,
      "confidence": 0.7,
      "sources": [
        "density_gap",
        "texture"
      ],
      "rooms": [
        1,
        3
      ]
    },
    {
      "x": -0.6965804930332258,
      "z": 0.7513939442658097,
      "confidence": 0.3,
      "sources": [
        "density_gap"
      ],
      "rooms": [
        2,
        3
      ]
    },
    {
      "x": -0.02386896312236786,
      "z": -3.029945135116577,
      "confidence": 0.3,
      "sources": [
        "texture"
      ],
      "rooms": null
    },
    {
      "x": -3.348827362060547,
      "z": -0.7328248620033264,
      "confidence": 0.3,
      "sources": [
        "texture"
      ],
      "rooms": null
    },
    {
      "x": -1.1711848974227905,
      "z": -2.2237164974212646,
      "confidence": 0.3,
      "sources": [
        "texture"
      ],
      "rooms": null
    },
    {
      "x": 3.0051233768463135,
      "z": -0.17419692873954773,
      "confidence": 0.3,
      "sources": [
        "texture"
      ],
      "rooms": null
    },
    {
      "x": -2.4109432697296143,
      "z": 3.9793894290924072,
      "confidence": 0.3,
      "sources": [
        "texture"
      ],
      "rooms": null
    },
    {
      "x": -2.8286211490631104,
      "z": 1.2522000074386597,
      "confidence": 0.3,
      "sources": [
        "texture"
      ],
      "rooms": null
    }
  ],
  "windows": [
    {
      "x": 1.4948290586471558,
      "z": 0.8465613722801208,
      "confidence": 1.0,