{
  "approach": "v48_line_graph",
  "dominant_angles_deg": [
    88.7
  ],
  "wall_segments": 1,
  "rooms": [
    {
      "name": "Bathroom",
      "area_m2": 3.6,
      "type": "bathroom",
      "vertices": 9,
      "polygon": [
        [
          0.9791157103346388,
          -2.605503115106646
        ],
        [
          0.9907576229986949,
          -2.0719635515600214
        ],
        [
          0.826830253057535,
          -1.898535814521607
        ],
        [
          0.8630430802757988,
          -0.2389308521450597
        ],
        [
          1.7449366666666668,
          -0.058733333333333526
        ],
        [
          2.408695682376249,
          -0.31816954632467276
        ],
        [
          2.3811776509570852,
          -1.579297120341994
        ],
        [
          2.1934080756254173,
          -1.7904959893924737
        ],
        [
          2.176465257707917,
          -2.5669706772741936
        ]
      ]
    }
  ],
  "doors": 0,
  "total_area_m2": 3.6
}