{
  "summary": {
    "approach": "v28_wall_grid",
    "num_rooms": 2,
    "num_hallways": 0,
    "total_area_m2": 42.3
  },
  "rooms": [
    {
      "name": "Room 1",
      "area_m2": 24.9,
      "is_hallway": false,
      "polygon": [
        [
          -3.443,
          -3.042
        ],
        [
          -3.443,
          0.358
        ],
        [
          4.097,
          0.358
        ],
        [
          4.097,
          -3.042
        ],
        [
          0.577,
          -3.042
        ],
        [
          0.577,
          -2.182
        ],
        [
          -0.223,
          -2.182
        ],
        [
          -0.223,
          -3.042
        ]
      ]
    },
    {
      "name": "Room 2",
      "area_m2": 17.4,
      "is_hallway": false,
      "polygon": [
        [
          -3.443,
          0.558
        ],
        [
          -3.443,
          2.858
        ],
        [
          -1.383,
          2.858
        ],
        [
          -1.383,
          2.498
        ],
        [
          -0.763,
          2.498
        ],
        [
          -0.763,
          5.978
        ],
        [
          0.577,
          5.978
        ],
        [
          0.577,
          1.738
        ],
        [
          4.097,
          1.738
        ],
        [
          4.097,
          0.558
        ]
      ]
    }
  ],
  "doors": [
    {
      "x": -2.633108054382358,
      "z": 0.4580116851326925,
      "width": 0.64,
      "orientation": "horizontal"
    }
  ],
  "windows": [
    {
      "x": -0.7631080543823581,
      "z": 2.9780116851326923,
      "length": 0.9,
      "orientation": "vertical"
    },
    {
      "x": 0.5768919456176418,
      "z": 5.468011685132693,
      "length": 1.0,
      "orientation": "vertical"
    }
  ],
  "walls": {
    "x_positions": [
      -3.443,
      -1.383,
      -0.763,
      -0.223,
      0.577,
      4.097
    ],
    "z_positions": [
      -3.042,
      -2.402,
      -2.182,
      -1.222,
      -0.902,
      -0.542,
      0.118,
      0.358,
      0.558,
      0.938,
      1.518,
      1.738,
      2.498,
      2.858,
      5.978
    ]
  }
}