{
  "method": "normal_wall_segmentation_v11_corrected",
  "mesh_file": "data/gdrive_sample/2026_02_09_19_03_38/export_refined.obj",
  "mesh_stats": {
    "vertices": 231749,
    "faces": 448449
  },
  "geometry_analysis": {
    "spans": {
      "X": 5.751939999999999,
      "Y": 2.53688,
      "Z": 4.79401
    },
    "up_axis": "Z",
    "up_strength": 0.4454315334961485
  },
  "face_classification": {
    "floor_faces": 97824,
    "ceiling_faces": 64048,
    "wall_faces": 286577
  },
  "room_boundary": [
    [
      -2.69514,
      -1.2075
    ],
    [
      -2.6925,
      -1.21226
    ],
    [
      -2.6475,
      -1.21641
    ],
    [
      1.8075,
      -1.2375
    ],
    [
      1.91358,
      -1.2375
    ],
    [
      2.7675,
      -1.17266
    ],
    [
      2.8425,
      -1.16409
    ],
    [
      2.90261,
      -1.14912
    ],
    [
      2.90405,
      -1.14757
    ],
    [
      2.90409,
      -1.1475
    ],
    [
      2.91085,
      -1.1325
    ],
    [
      2.91366,
      -1.1025
    ],
    [
      2.91743,
      -0.9525
    ],
    [
      2.92313,
      0.0675
    ],
    [
      2.92398,
      0.2475
    ],
    [
      2.91851,
      1.0125
    ],
    [
      2.91839,
      1.0275
    ],
    [
      2.91819,
      1.0425
    ],
    [
      2.91716,
      1.1175
    ],
    [
      2.91295,
      1.2375
    ],
    [
      2.90946,
      1.2525
    ],
    [
      2.9025,
      1.25814
    ],
    [
      2.86562,
      1.2825
    ],
    [
      2.8575,
      1.28475
    ],
    [
      2.78636,
      1.2975
    ],
    [
      2.76751,
      1.29751
    ],
    [
      2.67531,
      1.2975
    ],
    [
      -0.6975,
      1.28139
    ],
    [
      -2.57643,
      1.2375
    ],
    [
      -2.5875,
      1.23627
    ],
    [
      -2.6339,
      1.2225
    ],
    [
      -2.64743,
      1.20743
    ],
    [
      -2.6521,
      1.1775
    ],
    [
      -2.7975,
      -0.09212
    ],
    [
      -2.7975,
      -0.10677
    ]
  ],
  "wall_segments": [
    {
      "start": [
        -2.69514,
        -1.2075
      ],
      "end": [
        -2.6925,
        -1.21226
      ],
      "length": 0.005443087359210642,
      "angle": -60.98629223909718,
      "axis_labels": [
        "X",
        "Y"
      ]
    },
    {
      "start": [
        -2.6925,
        -1.21226
      ],
      "end": [
        -2.6475,
        -1.21641
      ],
      "length": 0.04519095595359756,
      "angle": -5.269040218227188,
      "axis_labels": [
        "X",
        "Y"
      ]
    },
    {
      "start": [
        -2.6475,
        -1.21641
      ],
      "end": [
        1.8075,
        -1.2375
      ],
      "length": 4.455049919821326,
      "angle": -0.2712365798458389,
      "axis_labels": [
        "X",
        "Y"
      ]
    },
    {
      "start": [
        1.8075,
        -1.2375
      ],
      "end": [
        1.91358,
        -1.2375
      ],
      "length": 0.10607999999999995,
      "angle": 0.0,
      "axis_labels": [
        "X",
        "Y"
      ]
    },
    {
      "start": [
        1.91358,
        -1.2375
      ],
      "end": [
        2.7675,
        -1.17266
      ],
      "length": 0.8563781828141116,
      "angle": 4.342260373825153,
      "axis_labels": [
        "X",
        "Y"
      ]
    },
    {
      "start": [
        2.7675,
        -1.17266
      ],
      "end": [
        2.8425,
        -1.16409
      ],
      "length": 0.07548804474882072,
      "angle": 6.518724471725831,
      "axis_labels": [
        "X",
        "Y"
      ]
    },
    {
      "start": [
        2.8425,
        -1.16409
      ],
      "end": [
        2.90261,
        -1.14912
      ],
      "length": 0.061946049107267885,
      "angle": 13.984647893258806,
      "axis_labels": [
        "X",
        "Y"
      ]
    },
    {
      "start": [
        2.90261,
        -1.14912
      ],
      "end": [
        2.90405,
        -1.14757
      ],
      "length": 0.002115679559857505,
      "angle": 47.10692129069372,
      "axis_labels": [
        "X",
        "Y"
      ]
    },
    {
      "start": [
        2.90405,
        -1.14757
      ],
      "end": [
        2.90409,
        -1.1475
      ],
      "length": 8.062257748312809e-05,
      "angle": 60.25511870290119,
      "axis_labels": [
        "X",
        "Y"
      ]
    },
    {
      "start": [
        2.90409,
        -1.1475
      ],
      "end": [
        2.91085,
        -1.1325
      ],
      "length": 0.016452890323587384,
      "angle": 65.74049779608784,
      "axis_labels": [
        "X",
        "Y"
      ]
    },
    {
      "start": [
        2.91085,
        -1.1325
      ],
      "end": [
        2.91366,
        -1.1025
      ],
      "length": 0.030131314276015286,
      "angle": 84.64890804301602,
      "axis_labels": [
        "X",
        "Y"
      ]
    },
    {
      "start": [
        2.91366,
        -1.1025
      ],
      "end": [
        2.91743,
        -0.9525
      ],
      "length": 0.15004736885397227,
      "angle": 88.5602691757111,
      "axis_labels": [
        "X",
        "Y"
      ]
    },
    {
      "start": [
        2.91743,
        -0.9525
      ],
      "end": [
        2.92313,
        0.0675
      ],
      "length": 1.0200159263462507,
      "angle": 89.6798210355827,
      "axis_labels": [
        "X",
        "Y"
      ]
    },
    {
      "start": [
        2.92313,
        0.0675
      ],
      "end": [
        2.92398,
        0.2475
      ],
      "length": 0.18000200693325616,
      "angle": 89.72943860784923,
      "axis_labels": [
        "X",
        "Y"
      ]
    },
    {
      "start": [
        2.92398,
        0.2475
      ],
      "end": [
        2.91851,
        1.0125
      ],
      "length": 0.7650195558938345,
      "angle": 90.4096765658564,
      "axis_labels": [
        "X",
        "Y"
      ]
    },
    {
      "start": [
        2.91851,
        1.0125
      ],
      "end": [
        2.91839,
        1.0275
      ],
      "length": 0.015000479992320369,
      "angle": 90.45835645800003,
      "axis_labels": [
        "X",
        "Y"
      ]
    },
    {
      "start": [
        2.91839,
        1.0275
      ],
      "end": [
        2.91819,
        1.0425
      ],
      "length": 0.015001333274079242,
      "angle": 90.76389846092994,
      "axis_labels": [
        "X",
        "Y"
      ]
    },
    {
      "start": [
        2.91819,
        1.0425
      ],
      "end": [
        2.91716,
        1.1175
      ],
      "length": 0.07500707233321398,
      "angle": 90.78681257568442,
      "axis_labels": [
        "X",
        "Y"
      ]
    },
    {
      "start": [
        2.91716,
        1.1175
      ],
      "end": [
        2.91295,
        1.2375
      ],
      "length": 0.1200738277061243,
      "angle": 92.00930282470775,
      "axis_labels": [
        "X",
        "Y"
      ]
    },
    {
      "start": [
        2.91295,
        1.2375
      ],
      "end": [
        2.90946,
        1.2525
      ],
      "length": 0.015400652583575654,
      "angle": 103.09779202676961,
      "axis_labels": [
        "X",
        "Y"
      ]
    },
    {
      "start": [
        2.90946,
        1.2525
      ],
      "end": [
        2.9025,
        1.25814
      ],
      "length": 0.00895830341080303,
      "angle": 140.98059952476422,
      "axis_labels": [
        "X",
        "Y"
      ]
    },
    {
      "start": [
        2.9025,
        1.25814
      ],
      "end": [
        2.86562,
        1.2825
      ],
      "length": 0.044198914013808065,
      "angle": 146.55441599312837,
      "axis_labels": [
        "X",
        "Y"
      ]
    },
    {
      "start": [
        2.86562,
        1.2825
      ],
      "end": [
        2.8575,
        1.28475
      ],
      "length": 0.008425965820011308,
      "angle": 164.51228807052482,
      "axis_labels": [
        "X",
        "Y"
      ]
    },
    {
      "start": [
        2.8575,
        1.28475
      ],
      "end": [
        2.78636,
        1.2975
      ],