{
  "method": "normal_wall_segmentation_v11",
  "mesh_file": "data/2026_01_13_14_47_59/export_refined.obj",
  "parameters": {
    "vertical_threshold": 0.7,
    "projection_method": "xz"
  },
  "room_boundary": [
    [
      0.7645,
      5.21726
    ],
    [
      0.7645,
      5.21641
    ],
    [
      0.8415,
      5.23174
    ],
    [
      1.7105,
      5.44896
    ],
    [
      1.7435,
      5.45731
    ],
    [
      2.17984,
      5.5715
    ],
    [
      2.1835,
      5.57246
    ],
    [
      2.22116,
      5.5825
    ],
    [
      2.4585,
      5.64703
    ],
    [
      2.4636,
      5.6485
    ],
    [
      2.4695,
      5.65033
    ],
    [
      2.4805,
      5.65411
    ],
    [
      2.4915,
      5.65901
    ],
    [
      2.5025,
      5.66621
    ],
    [
      2.5065,
      5.6705
    ],
    [
      2.5025,
      5.6815
    ],
    [
      1.8975,
      5.7035
    ],
    [
      1.88655,
      5.70355
    ],
    [
      1.6775,
      5.7035
    ],
    [
      0.9845,
      5.6485
    ]
  ],
  "openings": [],
  "room_area_sqm": 0.3864732136000022,
  "room_area_sqft": 4.159997671190423,
  "face_classification": {
    "floor_faces": 6923,
    "ceiling_faces": 1003,
    "wall_faces": 87148
  },
  "wall_analysis": {
    "wall_vertices": 45442,
    "wall_clusters": 1,
    "boundary_points": 20
  }
}