{
  "method": "normal_wall_segmentation_v11_corrected",
  "mesh_file": "data/2026_01_13_14_47_59/export_refined.obj",
  "mesh_stats": {
    "vertices": 48637,
    "faces": 95074
  },
  "geometry_analysis": {
    "spans": {
      "X": 1.742,
      "Y": 2.6961000000000004,
      "Z": 0.5200900000000006
    },
    "up_axis": "Z",
    "up_strength": 0.8758467937155409
  },
  "face_classification": {
    "floor_faces": 82345,
    "ceiling_faces": 779,
    "wall_faces": 11950
  },
  "room_boundary": [
    [
      0.84161,
      -0.9185
    ],
    [
      0.8635,
      -2.64687
    ],
    [
      1.1165,
      -2.66048
    ],
    [
      1.1715,
      -2.66287
    ],
    [
      1.3365,
      -2.66896
    ],
    [
      1.61133,
      -2.67867
    ],
    [
      1.6665,
      -2.6796
    ],
    [
      1.7545,
      -2.67897
    ],
    [
      1.7875,
      -2.67843
    ],
    [
      1.9965,
      -2.65798
    ],
    [
      2.0955,
      -2.64713
    ],
    [
      2.1065,
      -2.64548
    ],
    [
      2.2055,
      -2.6125
    ],
    [
      2.3356,
      -2.5685
    ],
    [
      2.35343,
      -2.5575
    ],
    [
      2.3595,
      -2.54886
    ],
    [
      2.3705,
      -2.51655
    ],
    [
      2.4915,
      -1.5785
    ],
    [
      2.5025,
      -1.4905
    ],
    [
      2.5025,
      -1.4575
    ],
    [
      2.4255,
      -0.31242
    ],
    [
      2.41729,
      -0.3025
    ],
    [
      1.7913,
      -0.0275
    ],
    [
      1.7655,
      -0.0165
    ],
    [
      1.3475,
      -0.0165
    ],
    [
      1.1385,
      -0.04849
    ],
    [
      1.03951,
      -0.2035
    ]
  ],
  "wall_segments": [
    {
      "start": [
        0.84161,
        -0.9185
      ],
      "end": [
        0.8635,
        -2.64687
      ],
      "length": 1.7285086140948211,
      "angle": -89.27438131896749,
      "axis_labels": [
        "X",
        "Y"
      ]
    },
    {
      "start": [
        0.8635,
        -2.64687
      ],
      "end": [
        1.1165,
        -2.66048
      ],
      "length": 0.2533658068879856,
      "angle": -3.0792279056924508,
      "axis_labels": [
        "X",
        "Y"
      ]
    },
    {
      "start": [
        1.1165,
        -2.66048
      ],
      "end": [
        1.1715,
        -2.66287
      ],
      "length": 0.05505190369097141,
      "angle": -2.488196691173994,
      "axis_labels": [
        "X",
        "Y"
      ]
    },
    {
      "start": [
        1.1715,
        -2.66287
      ],
      "end": [
        1.3365,
        -2.66896
      ],
      "length": 0.1651123499317965,
      "angle": -2.113775631076326,
      "axis_labels": [
        "X",
        "Y"
      ]
    },
    {
      "start": [
        1.3365,
        -2.66896
      ],
      "end": [
        1.61133,
        -2.67867
      ],
      "length": 0.2750014781778453,
      "angle": -2.0234716117750957,
      "axis_labels": [
        "X",
        "Y"
      ]
    },
    {
      "start": [
        1.61133,
        -2.67867
      ],
      "end": [
        1.6665,
        -2.6796
      ],
      "length": 0.05517783794242049,
      "angle": -0.965742771075907,
      "axis_labels": [
        "X",
        "Y"
      ]
    },
    {
      "start": [
        1.6665,
        -2.6796
      ],
      "end": [
        1.7545,
        -2.67897
      ],
      "length": 0.08800225508474187,
      "angle": 0.4101786867648954,
      "axis_labels": [
        "X",
        "Y"
      ]
    },
    {
      "start": [
        1.7545,
        -2.67897
      ],
      "end": [
        1.7875,
        -2.67843
      ],
      "length": 0.03300441788609533,
      "angle": 0.9374836308722904,
      "axis_labels": [
        "X",
        "Y"
      ]
    },
    {
      "start": [
        1.7875,
        -2.67843
      ],
      "end": [
        1.9965,
        -2.65798
      ],
      "length": 0.20999810118189152,
      "angle": 5.588424587157803,
      "axis_labels": [
        "X",
        "Y"
      ]
    },
    {
      "start": [
        1.9965,
        -2.65798
      ],
      "end": [
        2.0955,
        -2.64713
      ],
      "length": 0.0995927833730938,
      "angle": 6.254424440295078,
      "axis_labels": [
        "X",
        "Y"
      ]
    },
    {
      "start": [
        2.0955,
        -2.64713
      ],
      "end": [
        2.1065,
        -2.64548
      ],
      "length": 0.011123061628886318,
      "angle": 8.530765609948812,
      "axis_labels": [
        "X",
        "Y"
      ]
    },
    {
      "start": [
        2.1065,
        -2.64548
      ],
      "end": [
        2.2055,
        -2.6125
      ],
      "length": 0.10434883995521928,
      "angle": 18.424530777183346,
      "axis_labels": [
        "X",
        "Y"
      ]
    },
    {
      "start": [
        2.2055,
        -2.6125
      ],
      "end": [
        2.3356,
        -2.5685
      ],
      "length": 0.13733903305324394,
      "angle": 18.685608013726537,
      "axis_labels": [
        "X",
        "Y"
      ]
    },
    {
      "start": [
        2.3356,
        -2.5685
      ],
      "end": [
        2.35343,
        -2.5575
      ],
      "length": 0.020950152744073094,
      "angle": 31.672002299131236,
      "axis_labels": [
        "X",
        "Y"
      ]
    },
    {
      "start": [
        2.35343,
        -2.5575
      ],
      "end": [
        2.3595,
        -2.54886
      ],
      "length": 0.010559095605211956,
      "angle": 54.910182771015705,
      "axis_labels": [
        "X",
        "Y"
      ]
    },
    {
      "start": [
        2.3595,
        -2.54886
      ],
      "end": [
        2.3705,
        -2.51655
      ],
      "length": 0.03413116024983596,
      "angle": 71.19876238545625,
      "axis_labels": [
        "X",
        "Y"
      ]
    },
    {
      "start": [
        2.3705,
        -2.51655
      ],
      "end": [
        2.4915,
        -1.5785
      ],
      "length": 0.9458217604284647,
      "angle": 82.64994630584731,
      "axis_labels": [
        "X",
        "Y"
      ]
    },
    {
      "start": [
        2.4915,
        -1.5785
      ],
      "end": [
        2.5025,
        -1.4905
      ],
      "length": 0.08868483523128413,
      "angle": 82.87498365109815,
      "axis_labels": [
        "X",
        "Y"
      ]
    },
    {
      "start": [
        2.5025,
        -1.4905
      ],
      "end": [
        2.5025,
        -1.4575
      ],
      "length": 0.03299999999999992,
      "angle": 90.0,
      "axis_labels": [
        "X",
        "Y"
      ]
    },
    {
      "start": [
        2.5025,
        -1.4575
      ],
      "end": [
        2.4255,
        -0.31242
      ],
      "length": 1.1476659820696962,
      "angle": 93.84701794456194,
      "axis_labels": [
        "X",
        "Y"
      ]
    },
    {
      "start": [
        2.4255,
        -0.31242
      ],
      "end": [
        2.41729,
        -0.3025
      ],
      "length": 0.012876742600518212,
      "angle": 129.61187027871935,
      "axis_labels": [
        "X",
        "Y"
      ]
    },
    {
      "start": [
        2.41729,
        -0.3025
      ],
      "end": [
        1.7913,
        -0.0275
      ],
      "length": 0.6837312923217718,
      "angle": 156.2839169834942,
      "axis_labels": [
        "X",
        "Y"
      ]
    },
    {
      "start": [
        1.7913,
        -0.0275
      ],
      "end": [
        1.7655,
        -0.0165
      ],
      "length": 0.028047103237232734,
      "angle": 156.90870482818178,
      "axis_labels": [
        "X",
        "Y"
      ]
    },
    {
      "start": [
        1.7655,
        -0.0165
      ],
      "end": [
        1.3475,
        -0.0165
      ],
      "length": 0.41800000000000015,
      "angle": 180.0,
      "axis_labels": [
        "X",
        "Y"
      ]
    },
    {
      "start": [
        1.3475,
        -0.0165
      ],
      "end": [
        1.1385,
        -0.04849
      ],
      "length": 0.21143405614990207,
      "angle": -171.29772154333293,