{
  "approach": "v41_wall_segment_graph",
  "dominant_angles_deg": [
    27.5,
    117.5
  ],
  "n_wall_segments": 9,
  "n_intersections": 6,
  "n_graph_nodes": 24,
  "n_cycles": 1,
  "rooms": [
    {
      "name": "Room 1",
      "area_m2": 20.2,
      "type": "room",
      "vertices": 11,
      "polygon": [
        [
          0.30248760069067515,
          -2.53373196775386
        ],
        [
          2.8457440409017067,
          -1.2097964638764696
        ],
        [
          2.3775686804184586,
          -0.3104399640998682
        ],
        [
          2.8457440409017067,
          -1.2097964638764696
        ],
        [
          4.584378236359835,
          -0.30472078875842357
        ],
        [
          2.652411103080574,
          3.4065535441667607
        ],
        [
          2.6237308619591344,
          3.39162355563706
        ],
        [
          0.9137769076224442,
          2.501477869048714
        ],
        [
          1.208648646731676,
          1.9350345284709758
        ],
        [
          0.9137769076224442,
          2.501477869048714
        ],
        [
          -1.6294795325885874,
          1.1775423651713235
        ]
      ]
    }
  ],
  "total_area_m2": 20.2
}