{
  "method": "normal_wall_segmentation_v11",
  "mesh_file": "data/gdrive_sample/2026_02_09_19_03_38/export_refined.obj",
  "parameters": {
    "vertical_threshold": 0.7,
    "projection_method": "xz"
  },
  "room_boundary": [
    [
      -2.8275,
      -2.68965
    ],
    [
      -2.82796,
      -2.7375
    ],
    [
      -2.8275,
      -2.73783
    ],
    [
      -2.63566,
      -2.8425
    ],
    [
      -2.1525,
      -2.85356
    ],
    [
      -0.0975,
      -2.74952
    ],
    [
      0.9975,
      -2.69217
    ],
    [
      1.5075,
      -2.66337
    ],
    [
      2.9025,
      -2.53337
    ],
    [
      2.92398,
      -2.3625
    ],
    [
      2.92311,
      -2.30208
    ],
    [
      2.75637,
      0.5775
    ],
    [
      2.64443,
      1.3725
    ],
    [
      2.5575,
      1.88516
    ],
    [
      2.53964,
      1.92518
    ],
    [
      2.5275,
      1.93635
    ],
    [
      2.5125,
      1.94045
    ],
    [
      -0.9398,
      0.0225
    ],
    [
      -0.95583,
      0.0075
    ]
  ],
  "openings": [],
  "room_area_sqm": 16.76079791415,
  "room_area_sqft": 180.41322874791058,
  "face_classification": {
    "floor_faces": 83306,
    "ceiling_faces": 78649,
    "wall_faces": 286494
  },
  "wall_analysis": {
    "wall_vertices": 157898,
    "wall_clusters": 4,
    "boundary_points": 19
  }
}