{
  "method": "normal_wall_segmentation_v11_fixed",
  "mesh_file": "data/2026_01_13_14_47_59/export_refined.obj",
  "parameters": {
    "vertical_threshold": 0.7,
    "floor_level": 5.3620352,
    "foot_height": 0.3
  },
  "room_boundary": [
    [
      0.92427,
      -2.6345
    ],
    [
      1.19353,
      -2.0295
    ],
    [
      1.0395,
      -2.6345
    ],
    [
      1.1385,
      -2.64916
    ],
    [
      1.2485,
      -2.6566
    ],
    [
      1.3585,
      -2.66848
    ],
    [
      1.41348,
      -2.2825
    ],
    [
      1.4685,
      -2.66846
    ],
    [
      1.50162,
      -2.5355
    ],
    [
      1.57331,
      -2.6675
    ],
    [
      1.6775,
      -2.6785
    ],
    [
      1.7765,
      -2.6606
    ],
    [
      1.68857,
      -1.9745
    ],
    [
      1.9525,
      -2.63392
    ],
    [
      2.06019,
      -2.6345
    ],
    [
      1.74339,
      -1.5565
    ],
    [
      1.95274,
      -1.5565
    ],
    [
      1.87565,
      -1.3805
    ],
    [
      1.82063,
      -1.1715
    ],
    [
      2.0405,
      -1.04986
    ],
    [
      1.5895,
      -1.2045
    ],
    [
      1.90858,
      -0.9185
    ],
    [
      1.92266,
      -0.6875
    ],
    [
      2.02959,
      -0.4455
    ],
    [
      1.8205,
      -0.6985
    ],
    [
      1.59138,
      -1.0505
    ],
    [
      1.8425,
      -0.2475
    ],
    [
      1.6005,
      -0.8855
    ],
    [
      1.6225,
      -0.6875
    ],
    [
      1.7875,
      -0.03033
    ],
    [
      1.6225,
      -0.5115
    ],
    [
      1.5455,
      -0.7755
    ],
    [
      1.5345,
      -0.0275
    ],
    [
      1.51228,
      -0.2145
    ],
    [
      1.4465,
      -0.4235
    ],
    [
      1.34911,
      -0.0165
    ],
    [
      1.3365,
      -0.415
    ],
    [
      1.14856,
      -0.0495
    ],
    [
      1.2375,
      -0.4345
    ],
    [
      1.2155,
      -0.5335
    ],
    [
      1.3365,
      -0.8855
    ],
    [
      1.03951,
      -0.2035
    ],
    [
      1.2045,
      -0.6985
    ],
    [
      1.2485,
      -0.8195
    ],
    [
      1.02828,
      -0.4675
    ],
    [
      1.2485,
      -0.9515
    ],
    [
      1.3145,
      -1.0505
    ],
    [
      1.0725,
      -0.8745
    ],
    [
      1.1825,
      -1.0505
    ],
    [
      1.0833,
      -1.0285
    ],
    [
      1.24761,
      -1.1275
    ],
    [
      0.84161,
      -0.9185
    ],
    [
      1.2155,
      -1.2375
    ]
  ],
  "wall_segments": [],
  "openings": [],
  "room_area_sqm": 1.6023676902,
  "room_area_sqft": 17.2478858173128,
  "face_classification": {
    "floor_faces": 82345,
    "ceiling_faces": 779,
    "wall_faces": 11950
  },
  "analysis_stats": {
    "wall_footpoints": 5353,
    "boundary_points": 53,
    "wall_segments": 0,
    "openings": 0
  }
}