{
  "version": "v44_graphcut_partition",
  "mesh": "data/multiroom/2026_02_10_18_31_36/export_refined.obj",
  "best_k": 5,
  "wall_angles": [
    11.5,
    46.5,
    61.5,
    98.5,
    135.5,
    170.5
  ],
  "rooms": [
    {
      "label": 0,
      "name": "Hallway",
      "area_m2": 9.0,
      "vertices": 11,
      "polygon_world": [
        [
          0.05314167004365089,
          1.9716985242279366
        ],
        [
          -0.27698569648243954,
          -1.1949108453453983
        ],
        [
          -1.3172994469290114,
          -0.33786706614839357
        ],
        [
          -1.1484338864043222,
          0.671233732815061
        ],
        [
          -2.1565306319330957,
          2.4004405402978044
        ],
        [
          -2.80342130512794,
          2.4665195772050144
        ],
        [
          -2.5423120282053935,
          4.026847089461652
        ],
        [
          -1.8351596601282107,
          4.292429780459223
        ],
        [
          -3.250573673205123,
          5.060936886207445
        ],
        [
          -0.014316004675801075,
          1.9467636431576825
        ],
        [
          0.6411249966230157,
          -0.9183318575612698
        ]
      ],
      "polygon_px": [
        [
          234.30041683551588,
          323.75075954473016
        ],
        [
          217.79404850921136,
          165.4202910660634
        ],
        [
          165.77836098688277,
          208.27248002591364
        ],
        [
          174.22163901311723,
          258.72751997408636
        ],
        [
          123.81680173667854,
          345.1878603482235
        ],
        [
          91.47226807693634,
          348.49181219358405
        ],
        [
          104.52773192306366,
          426.50818780641595
        ],
        [
          139.8853503269228,
          439.78732235629445
        ],
        [
          69.1146496730772,
          478.21267764370555
        ],
        [
          230.92753309954327,
          322.50401549121744
        ],
        [
          263.6995831644841,
          179.24924045526984
        ]
      ],
      "centroid_px": [
        165,
        317
      ],
      "compactness": 3.9,
      "aspect": 1.5
    },
    {
      "label": 1,
      "name": "Room 3",
      "area_m2": 7.2,
      "vertices": 5,
      "polygon_world": [
        [
          0.7157326613341075,
          0.193423618307631
        ],
        [
          0.17303540727011768,
          0.8578548693965029
        ],
        [
          -0.07876874060345074,
          2.095511797270164
        ],
        [
          2.4471333333333334,
          3.636683333333334
        ],
        [
          3.587133333333334,
          1.5766833333333334
        ]
      ],
      "polygon_px": [
        [
          267.4299664000387,
          234.83701424871487
        ],
        [
          240.2951036968392,
          268.0585768031585
        ],
        [
          227.7048963031608,
          329.9414231968415
        ],
        [
          354.0,
          407.0
        ],
        [
          411.0,
          304.0
        ]
      ],
      "centroid_px": [
        300,
        308
      ],
      "compactness": 1.8,
      "aspect": 1.0
    },
    {
      "label": 2,
      "name": "Room 1",
      "area_m2": 12.3,
      "vertices": 6,
      "polygon_world": [
        [
          -1.6728666666666667,
          -4.183316666666666
        ],
        [
          -3.3528666666666664,
          -0.8433166666666665
        ],
        [
          -0.3078014387538168,
          -1.0589507743561541
        ],
        [
          -0.6305002967988944,
          -1.5768062795833009
        ],
        [
          -0.39719566184039135,
          -3.381112556968792
        ],
        [
          -0.6685376714929423,
          -1.565520776364541
        ]
      ],
      "polygon_px": [
        [
          148.0,
          16.0
        ],
        [
          64.0,
          183.0
        ],
        [
          216.25326139564248,
          172.21829461552562
        ],
        [
          200.1183184933886,
          146.32551935416828
        ],
        [
          211.78355024131378,
          56.110205484893726
        ],
        [
          198.21644975868622,
          146.88979451510627
        ]
      ],
      "centroid_px": [
        173,
        120
      ],
      "compactness": 1.3,
      "aspect": 1.4
    },
    {
      "label": 3,
      "name": "Room 4",
      "area_m2": 5.2,
      "vertices": 8,
      "polygon_world": [
        [
          -3.387574413040059,
          -0.7829804740182693
        ],
        [
          -4.004527115311923,
          -0.10582257425103592
        ],
        [
          -4.185050590796342,
          0.8997069598908123
        ],
        [
          -3.5999478277262735,
          1.4258962580579242
        ],
        [
          -2.426648659116142,
          1.4455752047584625
        ],
        [
          -2.375039810017135,
          1.430950447999484
        ],
        [
          -1.9706935233161986,
          1.842416218667183
        ],
        [
          -1.2128666666666668,
          0.37668333333333326
        ]
      ],
      "polygon_px": [
        [
          62.26461268133039,
          186.01680963241986
        ],
        [
          31.41697756773719,
          219.87470462078153
        ],
        [
          22.390803793516234,
          270.1511813278739
        ],
        [
          51.645941947019665,
          296.46064623622954
        ],
        [
          110.31090037752625,
          297.44459357125646
        ],
        [
          112.89134283247658,
          296.71335573330754
        ],
        [
          133.1086571675234,
          317.28664426669246
        ],
        [
          171.0,
          244.0
        ]
      ],
      "centroid_px": [
        86,
        265
      ],
      "compactness": 1.8,
      "aspect": 1.2
    },
    {
      "label": 4,
      "name": "Room 2",
      "area_m2": 7.9,
      "vertices": 8,
      "polygon_world": [
        [
          -0.45213302854242166,
          -3.401832035115585
        ],
        [
          -0.6643602309814183,
          -2.818606509739708
        ],
        [
          0.15487388046772832,
          -1.1297944944718372
        ],
        [
          -0.40060721380106123,
          -1.0368388388614962
        ],
        [
          0.7915876719873722,
          -0.8267261437279565
        ],
        [
          0.5704885930574548,
          0.17107456930100895
        ],
        [
          3.3586316533352703,
          -1.3014659542309226
        ],
        [
          1.8156350133313968,
          0.2148326208975897
        ]
      ],
      "polygon_px": [
        [
          209.03668190621227,
          55.07423157755409
        ],
        [
          198.42532178426242,
          84.23550784634793
        ],
        [
          239.38702735671973,
          168.67610860974148
        ],
        [
          211.61297264328027,
          173.32389139025852
        ],
        [
          271.2227169327019,
          183.8295261469355
        ],
        [
          260.16776298620607,
          233.71956179838378
        ],
        [
          399.57491600009683,
          160.0925356217872
        ],
        [
          322.42508399990317,
          235.9074643782128
        ]
      ],
      "centroid_px": [
        263,
        161
      ],
      "compactness": 2.4,
      "aspect": 1.0
    }
  ],
  "doors": [
    {
      "rooms": [
        "Hallway",
        "Room 3"
      ],
      "pos_world": [
        0.21,
        1.06
      ],
      "pos_px": [
        242,
        278
      ],
      "width_px": 22
    },
    {
      "rooms": [
        "Hallway",
        "Room 1"
      ],
      "pos_world": [
        -0.95,
        -0.5
      ],
      "pos_px": [
        184,
        200
      ],
      "width_px": 21
    },
    {
      "rooms": [
        "Hallway",
        "Room 4"
      ],