{
  "method": "hybrid_v11_v12_fixed_v14",
  "mesh_file": "data/2026_01_13_14_47_59/export_refined.obj",
  "parameters": {
    "floor_level": 5.3620352,
    "v11_footpoints": 7234,
    "v12_resolution": null
  },
  "room_boundary": [
    [
      2.4255,
      -0.3135
    ],
    [
      2.4365,
      -1.60767
    ],
    [
      2.3705,
      -2.51655
    ],
    [
      2.3595,
      -2.54886
    ],
    [
      2.35343,
      -2.5575
    ],
    [
      2.3356,
      -2.5685
    ],
    [
      2.2055,
      -2.6125
    ],
    [
      2.1065,
      -2.64548
    ],
    [
      2.0955,
      -2.64713
    ],
    [
      1.9965,
      -2.65798
    ],
    [
      1.7875,
      -2.67843
    ],
    [
      1.7545,
      -2.67897
    ],
    [
      1.6665,
      -2.6796
    ],
    [
      1.61133,
      -2.67867
    ],
    [
      1.4905,
      -2.67347
    ],
    [
      1.3915,
      -2.6698
    ],
    [
      1.3475,
      -2.66913
    ],
    [
      1.3365,
      -2.66896
    ],
    [
      1.3255,
      -2.66832
    ],
    [
      1.2375,
      -2.66423
    ],
    [
      1.1715,
      -2.66287
    ],
    [
      1.1275,
      -2.66094
    ],
    [
      1.1165,
      -2.66048
    ],
    [
      0.9955,
      -2.65276
    ],
    [
      0.8635,
      -2.64687
    ],
    [
      0.8635,
      -2.6455
    ],
    [
      0.8635,
      -2.64396
    ],
    [
      0.8635,
      -2.64325
    ],
    [
      0.8635,
      -2.64187
    ],
    [
      0.8635,
      -2.63882
    ],
    [
      0.84161,
      -0.9185
    ],
    [
      1.03951,
      -0.2035
    ],
    [
      1.1385,
      -0.04849
    ],
    [
      1.3475,
      -0.0165
    ],
    [
      1.34911,
      -0.0165
    ],
    [
      1.53219,
      -0.0165
    ],
    [
      1.76467,
      -0.0165
    ],
    [
      1.7655,
      -0.0165
    ],
    [
      1.7913,
      -0.0275
    ],
    [
      2.41729,
      -0.3025
    ],
    [
      2.4255,
      -0.31242
    ]
  ],
  "wall_segments": [
    {
      "start": [
        2.4255,
        -0.3135
      ],
      "end": [
        2.4255,
        0.9807167472645374
      ],
      "length": 1.2942167472645374,
      "angle": 90.0,
      "regularized": true
    },
    {
      "start": [
        2.4365,
        -1.60767
      ],
      "end": [
        2.4365,
        -0.6963967948633624
      ],
      "length": 0.9112732051366376,
      "angle": 90.0,
      "regularized": true
    },
    {
      "start": [
        1.9965,
        -2.65798
      ],
      "end": [
        2.2064981011818916,
        -2.65798
      ],
      "length": 0.20999810118189152,
      "angle": 0.0,
      "regularized": true
    },
    {
      "start": [
        0.8635,
        -2.63882
      ],
      "end": [
        0.8635,
        -0.9183607373320342
      ],
      "length": 1.7204592626679658,
      "angle": 90.0,
      "regularized": true
    },
    {
      "start": [
        0.84161,
        -0.9185
      ],
      "end": [
        1.03951,
        -0.2035
      ],
      "length": 0.7418823424236487,
      "angle": 74.52880474834862
    },
    {
      "start": [
        1.1385,
        -0.04849
      ],
      "end": [
        1.3499340561499023,
        -0.04849
      ],
      "length": 0.21143405614990207,
      "angle": 0.0,
      "regularized": true
    },
    {
      "start": [
        1.53219,
        -0.0165
      ],
      "end": [
        1.76467,
        -0.0165
      ],
      "length": 0.23248000000000002,
      "angle": 0.0,
      "regularized": true
    },
    {
      "start": [
        1.7913,
        -0.0275
      ],
      "end": [
        2.41729,
        -0.3025
      ],
      "length": 0.6837312923217718,
      "angle": -23.716083016505788
    }
  ],
  "openings": [],
  "room_area_sqm": 3.920661134399996,
  "room_area_sqft": 42.201996450681555,
  "analysis_stats": {
    "v11_wall_faces": 11950,
    "v11_footpoints": 7234,
    "v11_boundary_points": 41,
    "v12_openings": 0,
    "combined_wall_segments": 8,
    "combined_openings": 0
  }
}