{
  "method": "voxelization_projection_v10",
  "mesh_file": "data/2026_01_13_14_47_59/export_refined.obj",
  "parameters": {
    "voxel_size": 0.05,
    "wall_height_range": [
      0.3,
      0.8
    ]
  },
  "room_boundary": [
    [
      0.7645,
      5.21641
    ],
    [
      0.7645,
      5.66641
    ],
    [
      1.1145,
      6.816409999999999
    ],
    [
      1.2645,
      6.816409999999999
    ],
    [
      1.0645,
      6.21641
    ],
    [
      1.1145,
      6.066409999999999
    ],
    [
      1.2645,
      6.066409999999999
    ],
    [
      1.2645,
      5.91641
    ]
  ],
  "openings": [
    {
      "type": "door",
      "position": [
        0.9644999999999999,
        5.51641
      ],
      "size_pixels": 18,
      "size_meters": 0.9
    }
  ],
  "room_area_sqm": 0.33749999999999947,
  "room_area_sqft": 3.632849999999994,
  "voxel_stats": {
    "grid_size": [
      35,
      54,
      11
    ],
    "occupied_voxels": 5104,
    "projection_pixels": 142
  }
}