{
  "method": "v15_flood_fill_rooms",
  "mesh_file": "data/gdrive_sample/2026_02_09_19_03_38/export_refined.obj",
  "mesh_stats": {
    "vertices": 231749,
    "faces": 448449
  },
  "occupancy_analysis": {
    "grid_resolution": 256,
    "occupied_cells": 18023,
    "free_cells": 47513
  },
  "room_segmentation": {
    "seed_points": 20,
    "rooms_found": 1,
    "total_area_m2": 39.39818408806609,
    "total_area_ft2": 424.08205352394333
  },
  "opening_detection": {
    "openings_found": 0
  },
  "results": {
    "rooms": [
      {
        "room_id": 1,
        "boundary_points": [
          [
            -3.403154,
            -3.332961
          ],
          [
            -3.403154,
            2.3973790781250006
          ],
          [
            3.4722117812500004,
            2.3973790781250006
          ],
          [
            3.4722117812500004,
            -3.332961
          ]
        ],
        "area_m2": 39.39818408806609,
        "area_ft2": 424.08205352394333
      }
    ],
    "openings": [],
    "seed_coordinates": [
      [
        251,
        1
      ],
      [
        252,
        2
      ],
      [
        253,
        3
      ],
      [
        254,
        4
      ],
      [
        255,
        5
      ],
      [
        251,
        0
      ],
      [
        252,
        1
      ],
      [
        253,
        2
      ],
      [
        254,
        3
      ],
      [
        255,
        4
      ],
      [
        252,
        0
      ],
      [
        253,
        1
      ],
      [
        254,
        2
      ],
      [
        255,
        3
      ],
      [
        253,
        0
      ],
      [
        254,
        1
      ],
      [
        255,
        2
      ],
      [
        254,
        0
      ],
      [
        255,
        1
      ],
      [
        255,
        0
      ]
    ]
  }
}