{
  "method": "v15_flood_fill_rooms",
  "mesh_file": "data/2026_01_13_14_47_59/export_refined.obj",
  "mesh_stats": {
    "vertices": 48637,
    "faces": 95074
  },
  "occupancy_analysis": {
    "grid_resolution": 256,
    "occupied_cells": 4256,
    "free_cells": 61280
  },
  "room_segmentation": {
    "seed_points": 20,
    "rooms_found": 1,
    "total_area_m2": 1.2944628065808121,
    "total_area_ft2": 13.93359765003586
  },
  "opening_detection": {
    "openings_found": 0
  },
  "results": {
    "rooms": [
      {
        "room_id": 1,
        "boundary_points": [
          [
            0.5902999999999999,
            5.164401
          ],
          [
            0.5902999999999999,
            5.786071078125
          ],
          [
            2.6725343749999997,
            5.786071078125
          ],
          [
            2.6725343749999997,
            5.164401
          ]
        ],
        "area_m2": 1.2944628065808121,
        "area_ft2": 13.93359765003586
      }
    ],
    "openings": [],
    "seed_coordinates": [
      [
        4,
        254
      ],
      [
        1,
        251
      ],
      [
        5,
        255
      ],
      [
        0,
        250
      ],
      [
        3,
        253
      ],
      [
        1,
        252
      ],
      [
        4,
        255
      ],
      [
        2,
        253
      ],
      [
        0,
        251
      ],
      [
        3,
        254
      ],
      [
        0,
        252
      ],
      [
        1,
        253
      ],
      [
        3,
        255
      ],
      [
        2,
        254
      ],
      [
        0,
        253
      ],
      [
        1,
        254
      ],
      [
        2,
        255
      ],
      [
        0,
        254
      ],
      [
        1,
        255
      ],
      [
        0,
        255
      ]
    ]
  }
}